Workbook

Sheet BİNA BİLGİLERİ
A1: HAFİF ÇELİK FİYAT HESAPLAMA ROBOTU
A2: Bina Alanı | B2: 105 | C2: DIŞ DUVAR KALINLIĞI | E2: İÇ DUVAR KALINLIĞI
A3: Tahmini kg/m² | B3: 32 | C3: 80 | E3: 80
A4: Bina Köşe Sayısı | B4: 6
A5: Zemin Kat En
A6: Zemin Kat Boy
A7: Kat Adeti | B7: 1
A8: Ara Kat Alanı
A9: Kat Yüksekliği | B9: 2.8
A10: Çatı Tipi | B10: BEŞİK
A11: Çatı Eğimi | B11: 0.3
A12: Toplam Çatı Oturum Alanı | B12: 105
A13: Çatı Kaplaması | B13: METAL KİREMİT ÇATI
A14: Aşık & Omega Sistemi / Tavan Paneli Çatı Paneli | B14: PANEL SİSTEM | C14: AŞIK ADETİ L:3000 | E14: OMEGA ADETİ L : 2500
A16: Saçak Genişliği (mt) | B16: 0.4
A17: Saçak Uzunluğu (mt) | B17: =10.28+10.28 -> 20.56
A18: Bina Alın Uzunluğu (mt) | B18: =10.2+10.2 -> 20.4
A20: ÖZEL BÜKÜM AKSESUAR | B20: MİKTAR | F20: BİRİM
A21: Sırt Mahya | F21: L:2500 / Ad.
A22: Parapet Kaplama Showroom | F22: L:2500 / Ad.
A23: Metal Kiremit Mahyası | B23: 4 | F23: L:2500 / Ad.
A24: Özel Mahya (Dar) | F24: L:2500 / Ad.
A25: Özel Mahya (Geniş) | F25: L:2500 / Ad.
A26: Metal Tahta | F26: L:2500 / Ad.
A28: KAPLAMA | B28: MİKTAR | F28: BİRİM
A29: Duvar Islak Hacim | B29: =17.5 -> 17.5 | F29: mt
A30: Tavan Islak Hacim | B30: =7+1.5+11 -> 19.5 | F30: m²
B31: DUVAR UZUNLUĞU | C31: BİRİM | D31: KAPLAMA-1 | E31: KAPLAMA-2 | F31: KAPLAMA-3
A32: Dış Duvar Kaplaması | B32: 39.5 | C32: mt | D32: 11 mm OSB 2 | E32: NEM BARİYERİ | F32: BORDEX
A33: İç Duvar Kaplaması | B33: 33 | C33: mt | D33: 11 mm OSB 2 | E33: NEM BARİYERİ | F33: ALÇIPAN
A34: Çatı Kaplaması | B34: =İSİMLENDİRME!S17 -> 126.7249 | C34: m² | D34: 11 mm OSB 2 | E34: NEM BARİYERİ
A35: Tavan Kaplaması | B35: 97 | C35: m² | D35: ALÇIPAN
A36: Saçak Altı Kaplama | B36: =B16*(B17+B18) -> 16.384 | C36: mt
A38: KAPI TÜRÜ | B38: ADET
A39: Çelik Kapı (90*205) | B39: 1
A40: PVC Kapı (90*200)
A41: Duble PVC Kapı (160*200)
A42: Melamin Kapı (90*201) | B42: 6
A43: Ahşap Kasalı Amerikan Kapı (90*201)
A45: PENCERE TÜRÜ | B45: ADET | C45: RENK
A46: PVC Pencere (105*180) | C46: ANTRASİT
A47: PVC Pencere (59*180)
A48: PVC Pencere (80*120) | B48: 1
A49: PVC Pencere (140*100) | B49: 2
A50: PVC Pencere (140*140)
A51: PVC Pencere (140*160)
A52: PVC Pencere (140*180)
A53: PVC Pencere (160*120)
A54: PVC Pencere (160*160)
A55: PVC Pencere (160*180) | B55: 3
A56: PVC Pencere (Sürgülü) (180*200)
A57: PVC Vasistas (60*60) | B57: 2
A59: VİTRİFİYE | B59: ADET
B60: ZEMİN KAT | E60: 1.KAT
A61: Klozet | B61: 2
A62: Lavabo | B62: 2
A63: Alaturka WC Taşı
A64: Duş Teknesi | B64: 2
A74: ÖZET
A75: GRUP | C75: TUTAR | E75: MÜŞTERİYE AİT | F75: NİHAİ TOPLAM
A76: HAFİF ÇELİK PANEL VE METAL AKSAM GRUBU | C76: =TEKLİF!F37 -> 342767.98 | E76: ZMT'YE AİT | F76: =IF(E76="ZMT'YE AİT",C76,0) -> 342767.98
A77: ALÇIPAN VE KAPLAMA GRUBU | C77: =TEKLİF!F53 -> 298366.87 | E77: ZMT'YE AİT | F77: =IF(E77="ZMT'YE AİT",C77,0) -> 298366.87
A78: ÇATI SACI GRUBU | C78: =TEKLİF!F74 -> 78615.266 | E78: ZMT'YE AİT | F78: =IF(E78="ZMT'YE AİT",C78,0) -> 78615.266
A79: KAPI VE PENCERE GRUBU | C79: =TEKLİF!F95 -> 165634.91 | E79: MÜŞTERİYE AİT | F79: =IF(E79="ZMT'YE AİT",C79,0) -> 0
A80: ELEKTRİK TESİSAT GRUBU | C80: =TEKLİF!F125 -> 34845.816 | E80: ZMT'YE AİT | F80: =IF(E80="ZMT'YE AİT",C80,0) -> 34845.816
A81: VİDA GRUBU | C81: =TEKLİF!F135 -> 15185.94 | E81: ZMT'YE AİT | F81: =IF(E81="ZMT'YE AİT",C81,0) -> 15185.94
A82: DEPO VE HIRDAVAT GRUBU | C82: =TEKLİF!F152 -> 75190.951 | E82: ZMT'YE AİT | F82: =IF(E82="ZMT'YE AİT",C82,0) -> 75190.951
A83: SIHHİ TESİSAT GRUBU | C83: =TEKLİF!F193 -> 52706.235 | E83: MÜŞTERİYE AİT | F83: =IF(E83="ZMT'YE AİT",C83,0) -> 0
A84: ÇATI OLUĞU VE BORU GRUBU | C84: =TEKLİF!F208 -> 7483.3674 | E84: ZMT'YE AİT | F84: =IF(E84="ZMT'YE AİT",C84,0) -> 7483.3674
A85: BOYA VE MASTİK GRUBU | C85: =TEKLİF!F221 -> 42678.408 | E85: MÜŞTERİYE AİT | F85: =IF(E85="ZMT'YE AİT",C85,0) -> 0
A86: GRUP TOPLAMI | F86: =SUM(F76:F85) -> 852456.2
A87: İSKONTO | B87: 21 | F87: =F86*B87/100 -> 179015.8
A88: ARA TOPLAM | F88: =F86-F87 -> 673440.4
A89: KDV | F89: =F88*B89/100 -> 0
A90: GENEL TOPLAM | C90: =F89+F88 -> 673440.4

Sheet TEKLİF
A1: ZMT PREFABRİK Hafif Çelik Bina Yükleme Listesi | C1: DÜZENLENME TARİHİ | D1: 46195 | E1: ÇELİK | F1: DIŞ:140'LIK İÇ : 80'LİK | G1: DOLAR KURU | H1: TON FİYATI | I1: KDVSİZ FİYATLAR | K1: KDV DAHİL FİYATLAR | L1: İSKONTOLU FİYAT | M1: BRÜT KAR | N1: S SERİ TON FİYATI | O1: GALVANİZ FİYATI | P1: BOYALI SAÇ FİYATI
A2: FİRMA: | E2: Alan (m²) | G2: 48.1 | H2: 1.3 | N2: 1.35 | O2: 0.9 | P2: 1.05
A3: Müşteri Adı: | E3: H:Yükseklik | F3: 2800
A4: Teklif Sayımı Yapan: | E4: Tarih
A5: Proje Kontrolü Yapan: | E5: Tarih
A6: Üretim Listesi Yapan: | E6: Tarih
A7: Proje Aşaması | E7: CRM NO
B8: Malzeme | C8: Malzeme Ölçüsü | D8: Adet | E8: Birim Fiyatı | F8: TOPLAM | I8: TOPLAM | J8: TOPLAM | K8: TOPLAM | L8: TOPLAM | M8: TOPLAM
A9: HAFİF ÇELİK PANEL VE METAL AKSAM GRUBU | D9: 1001
A10: 1 | B10: HAFİF ÇELİK PANEL KARKAS HALİNDE | C10: KG | D10: ='BİNA BİLGİLERİ'!B2*'BİNA BİLGİLERİ'!B3 -> 3360 | E10: =H2*G2*1.6 -> 100.048 | F10: =D10*E10 -> 336161.28 | I10: =G2*O2 -> 43.29 | J10: =I10*D10 -> 145454.4 | K10: =I10*1.2 -> 51.948 | L10: =E10-E10*$E$223/100 -> 75.036 | M10: =(L10-K10)/K10 -> 0.44444444
D11: Z1
A12: 2 | B12: ÖZEL BÜKÜM SAÇAK ALIN SACI (GALVANİZ) | C12: 250*2500 | D12: =IF('BİNA BİLGİLERİ'!B14="AŞIK OMEGA",ROUNDUP('BİNA BİLGİLERİ'!B17/2.5,0),0) -> 0 | E12: =K12*1.73 -> 647.96299 | F12: =E12*D12 -> 0 | I12: =7.21*O2*G2 -> 312.1209 | J12: =I12*D12 -> 0 | K12: =I12*1.2 -> 374.54508 | L12: =E12-E12*$E$223/100 -> 485.97224 | M12: =(L12-K12)/K12 -> 0.2975
A13: 3 | B13: ÖZEL BÜKÜM ALIN SACI | C13: 120*2800 | D13: =IF('BİNA BİLGİLERİ'!B14="AŞIK OMEGA",ROUNDUP('BİNA BİLGİLERİ'!B18/2.5,0),0) -> 0 | E13: =K13*1.73 -> 220.1816 | F13: =E13*D13 -> 0 | I13: =2.1*P2*$G$2 -> 106.0605 | J13: =I13*D13 -> 0 | K13: =I13*1.2 -> 127.2726 | L13: =E13-E13*$E$223/100 -> 165.1362 | M13: =(L13-K13)/K13 -> 0.2975
A14: 4 | B14: AŞIK KAPAMA U'SU (GALVANİZ) | C14: 80*2500 | D14: =IF('BİNA BİLGİLERİ'!B14="AŞIK OMEGA",ROUNDUP('BİNA BİLGİLERİ'!B18/2.5,0),0) -> 0 | E14: =K14*1.73 -> 197.71409 | F14: =E14*D14 -> 0 | I14: =2.2*O2*G2 -> 95.238 | J14: =I14*D14 -> 0 | K14: =I14*1.2 -> 114.2856 | L14: =E14-E14*$E$223/100 -> 148.28557 | M14: =(L14-K14)/K14 -> 0.2975
D15: Z1
A16: 5 | B16: KÖŞEBENT | C16: 30*30*2500 | D16: =IF('BİNA BİLGİLERİ'!B2<50,3,IF('BİNA BİLGİLERİ'!B2<150,5,IF('BİNA BİLGİLERİ'!B2<250,7,10))) -> 5 | E16: =K16*1.73 -> 84.657578 | F16: =E16*D16 -> 423.28789 | I16: =0.942*O2*G2 -> 40.77918 | J16: =I16*D16 -> 203.8959 | K16: =I16*1.2 -> 48.935016 | L16: =E16-E16*$E$223/100 -> 63.493183 | M16: =(L16-K16)/K16 -> 0.2975
A17: 6 | B17: KÖŞEBENT | C17: 50*50*2500 | D17: =IF('BİNA BİLGİLERİ'!B2<50,3,IF('BİNA BİLGİLERİ'!B2<150,5,IF('BİNA BİLGİLERİ'!B2<250,7,10))) -> 5 | E17: =K17*1.73 -> 141.09596 | F17: =E17*D17 -> 705.47981 | I17: =1.57*O2*G2 -> 67.9653 | J17: =I17*D17 -> 339.8265 | K17: =I17*1.2 -> 81.55836 | L17: =E17-E17*$E$223/100 -> 105.82197 | M17: =(L17-K17)/K17 -> 0.2975
A18: 7 | B18: ÖZEL AÇILI KÖŞEBENT 1,2 mm | C18: 100*100*2500 | E18: =K18*1.73 -> 359.48016 | F18: =E18*D18 -> 0 | I18: =4*O2*G2 -> 173.16 | J18: =I18*D18 -> 0 | K18: =I18*1.2 -> 207.792 | L18: =E18-E18*$E$223/100 -> 269.61012 | M18: =(L18-K18)/K18 -> 0.2975
D19: Z1
A20: 8 | B20: ANKALAJ AYAĞI | C20: 50x200 | D20: =ROUNDUP('BİNA BİLGİLERİ'!B32/2,0) -> 20 | E20: =K20*4 -> 168 | F20: =E20*D20 -> 3360 | I20: 35 | J20: =I20*D20 -> 700 | K20: =I20*1.2 -> 42 | L20: =E20-E20*$E$223/100 -> 126 | M20: =(L20-K20)/K20 -> 2
A21: 9 | B21: BİRLEŞİM APARATI | C21: 70x550 | E21: =K21*1.73 -> 319.704 | F21: =E21*D21 -> 0 | I21: 154 | J21: =I21*D21 -> 0 | K21: =I21*1.2 -> 184.8 | L21: =E21-E21*$E$223/100 -> 239.778 | M21: =(L21-K21)/K21 -> 0.2975
A22: 10 | B22: 100 LÜK PİS SU KAPAMASI (GALVANİZ) | C22: 180*2800 | D22: ='BİNA BİLGİLERİ'!C61 -> 0 | E22: =K22*1.73 -> 665.0383 | F22: =E22*D22 -> 0 | I22: =7.4*O2*G2 -> 320.346 | J22: =I22*D22 -> 0 | K22: =I22*1.2 -> 384.4152 | L22: =E22-E22*$E$223/100 -> 498.77872 | M22: =(L22-K22)/K22 -> 0.2975
D23: Z1
A24: 11 | B24: SIRT MAHYA | C24: L:2500 | D24: ='BİNA BİLGİLERİ'!B21 -> 0 | E24: =K24*1.73 -> 808.83036 | F24: =E24*D24 -> 0 | I24: =9*O2*$G$2 -> 389.61 | J24: =I24*D24 -> 0 | K24: =I24*1.2 -> 467.532 | L24: =E24-E24*$E$223/100 -> 606.62277 | M24: =(L24-K24)/K24 -> 0.2975
A25: 12 | B25: PARAPET KAPLAMA SHOWROOM | C25: L:2800 | D25: ='BİNA BİLGİLERİ'!B22 -> 0 | E25: =K25*1.73 -> 471.81771 | F25: =E25*D25 -> 0 | I25: =4.5*P2*$G$2 -> 227.2725 | J25: =I25*D25 -> 0 | K25: =I25*1.2 -> 272.727 | L25: =E25-E25*$E$223/100 -> 353.86328 | M25: =(L25-K25)/K25 -> 0.2975
A26: 13 | B26: METAL KİREMİT MAHYASI | C26: L:2800 | D26: ='BİNA BİLGİLERİ'!B23 -> 4 | E26: =K26*1.73 -> 529.48432 | F26: =E26*D26 -> 2117.9373 | I26: =5.05*P2*$G$2 -> 255.05025 | J26: =I26*D26 -> 1020.201 | K26: =I26*1.2 -> 306.0603 | L26: =E26-E26*$E$223/100 -> 397.11324 | M26: =(L26-K26)/K26 -> 0.2975
A27: 14 | B27: ÖZEL MAHYA (DAR OLAN) | C27: 10x1500 | D27: ='BİNA BİLGİLERİ'!B24 -> 0 | E27: =K27*1.73 -> 92.58112 | F27: =E27*D27 -> 0 | I27: =0.883*P2*$G$2 -> 44.595915 | J27: =I27*D27 -> 0 | K27: =I27*1.2 -> 53.515098 | L27: =E27-E27*$E$223/100 -> 69.43584 | M27: =(L27-K27)/K27 -> 0.2975
A28: 15 | B28: ÖZEL MAHYA (GENİŞ OLAN) | C28: 20x2800 | D28: ='BİNA BİLGİLERİ'!B25 -> 0 | E28: =K28*1.73 -> 314.54514 | F28: =E28*D28 -> 0 | I28: =3*P2*$G$2 -> 151.515 | J28: =I28*D28 -> 0 | K28: =I28*1.2 -> 181.818 | L28: =E28-E28*$E$223/100 -> 235.90886 | M28: =(L28-K28)/K28 -> 0.2975
A29: 16 | B29: METAL TAHTA | C29: L:2500 | D29: ='BİNA BİLGİLERİ'!B26 -> 0 | E29: =K29*1.73 -> 134.80506 | F29: =E29*D29 -> 0 | I29: =1.5*O2*$G$2 -> 64.935 | J29: =I29*D29 -> 0 | K29: =I29*1.2 -> 77.922 | L29: =E29-E29*$E$223/100 -> 101.10379 | M29: =(L29-K29)/K29 -> 0.2975
D30: Z1
A31: 17 | B31: 60'LIK DUVAR OMEGASI | C31: 60*2500 | D31: =ROUNDUP(IF('BİNA BİLGİLERİ'!B7=2,((('BİNA BİLGİLERİ'!B5/0.62)+1)*'BİNA BİLGİLERİ'!B6)/2.5,0)+IF('BİNA BİLGİLERİ'!B14="AŞIK OMEGA",'BİNA BİLGİLERİ'!D15,0),0) -> 0 | E31: =K31*1.73 -> 247.14261 | F31: =E31*D31 -> 0 | I31: =2.75*O2*$G$2 -> 119.0475 | J31: =I31*D31 -> 0 | K31: =I31*1.2 -> 142.857 | L31: =E31-E31*$E$223/100 -> 185.35696 | M31: =(L31-K31)/K31 -> 0.2975
A32: 18 | B32: 60'LIK DUVAR OMEGASI | C32: 60*3760 | E32: =K32*1.73 -> 370.26456 | F32: =E32*D32 -> 0 | I32: =4.12*O2*$G$2 -> 178.3548 | J32: =I32*D32 -> 0 | K32: =I32*1.2 -> 214.02576 | L32: =E32-E32*$E$223/100 -> 277.69842 | M32: =(L32-K32)/K32 -> 0.2975
A33: 19 | B33: 60'LIK DUVAR OMEGASI | C33: 60*5000 | E33: =K33*1.73 -> 494.28522 | F33: =E33*D33 -> 0 | I33: =5.5*O2*$G$2 -> 238.095 | J33: =I33*D33 -> 0 | K33: =I33*1.2 -> 285.714 | L33: =E33-E33*$E$223/100 -> 370.71391 | M33: =(L33-K33)/K33 -> 0.2975
D34: Z1
A35: 20 | B35: ÇATI AŞIK OMEGASI | C35: L:4200 | E35: =3.5*O2*1.2*$G$2*1.73 -> 314.54514 | F35: =E35*D35 -> 0 | I35: =3.5*O2*$G$2 -> 151.515 | J35: =I35*D35 -> 0 | K35: =I35*1.2 -> 181.818 | L35: =E35-E35*$E$223/100 -> 235.90885 | M35: =(L35-K35)/K35 -> 0.2975
A36: 21 | B36: ÇATI AŞIK OMEGASI | C36: L:3000 | D36: =IF('BİNA BİLGİLERİ'!B14="AŞIK OMEGA",'BİNA BİLGİLERİ'!C15,0) -> 0 | E36: =2.5*O2*1.2*$G$2*1.73 -> 224.6751 | F36: =E36*D36 -> 0 | I36: =2.5*O2*$G$2 -> 108.225 | J36: =I36*D36 -> 0 | K36: =I36*1.2 -> 129.87 | L36: =E36-E36*$E$223/100 -> 168.50633 | M36: =(L36-K36)/K36 -> 0.2975
D37: TOPLAM | F37: =SUM(F10:F36) -> 342767.98 | I37: =SUM(I10:I36) -> 3276.1758 | J37: =SUM(J10:J36) -> 147718.32 | K37: =SUM(K10:K36) -> 3931.411 | L37: =SUM(L10:L36) -> 5180.1443
A38: ALÇIPAN VE KAPLAMA GRUBU | D38: 1002
A39: 1 | B39: BEYAZ ALÇIPAN | C39: 12x1200x2500 | D39: =(ROUNDUP((IF('BİNA BİLGİLERİ'!D32="ALÇIPAN",1,0)+IF('BİNA BİLGİLERİ'!E32="ALÇIPAN",1,0)+IF('BİNA BİLGİLERİ'!F32="ALÇIPAN",1,0))*'BİNA BİLGİLERİ'!B32*'BİNA BİLGİLERİ'!B9/3,0)+(ROUNDUP((IF('BİNA BİLGİLERİ'!D33="ALÇIPAN",1,0)+IF('BİNA BİLGİLERİ'!E33="ALÇIPAN",1,0)+IF('BİNA BİLGİLERİ'!F33="ALÇIPAN",1,0))*'BİNA BİLGİLERİ'!B33*'BİNA BİLGİLERİ'!B9/3,0)*2)+ROUNDUP((IF('BİNA BİLGİLERİ'!D34="ALÇIPAN",1,0)+IF('BİNA BİLGİLERİ'!E34="ALÇIPAN",1,0)+IF('BİNA BİLGİLERİ'!F34="ALÇIPAN",1,0))*'BİNA BİLGİLERİ'!B34/3,0)+ROUNDUP((IF('BİNA BİLGİLERİ'!D35="ALÇIPAN",1,0)+IF('BİNA BİLGİLERİ'!E35="ALÇIPAN",1,0)+IF('BİNA BİLGİLERİ'!F35="ALÇIPAN",1,0))*'BİNA BİLGİLERİ'!B35/3,0)+ROUNDUP((IF('BİNA BİLGİLERİ'!D33="ALÇIPAN",1,0)+IF('BİNA BİLGİLERİ'!E33="ALÇIPAN",1,0)+IF('BİNA BİLGİLERİ'!F33="ALÇIPAN",1,0))*'BİNA BİLGİLERİ'!B32*'BİNA BİLGİLERİ'!B9/3,0))-D40 -> 108 | E39: =K39*1.73 -> 371.604 | F39: =E39*D39 -> 40133.232 | I39: 179 | J39: =I39*D39 -> 19332 | K39: =I39*1.2 -> 214.8 | L39: =E39-E39*$E$223/100 -> 278.703 | M39: =(L39-K39)/K39 -> 0.2975
A40: 2 | B40: YEŞİL ALÇIPAN | C40: 12x1200x2500 | D40: =ROUNDUP((IF('BİNA BİLGİLERİ'!D35="ALÇIPAN",1,0)+IF('BİNA BİLGİLERİ'!E35="ALÇIPAN",1,0)+IF('BİNA BİLGİLERİ'!F35="ALÇIPAN",1,0))*'BİNA BİLGİLERİ'!B30/3,0)+ROUNDUP((IF('BİNA BİLGİLERİ'!D33="ALÇIPAN",1,0)+IF('BİNA BİLGİLERİ'!E33="ALÇIPAN",1,0)+IF('BİNA BİLGİLERİ'!F33="ALÇIPAN",1,0))*('BİNA BİLGİLERİ'!B29*'BİNA BİLGİLERİ'!B9)/3,0) -> 24 | E40: =K40*1.73 -> 544.95 | F40: =E40*D40 -> 13078.8 | I40: =315/1.2 -> 262.5 | J40: =I40*D40 -> 6300 | K40: =I40*1.2 -> 315 | L40: =E40-E40*$E$223/100 -> 408.7125 | M40: =(L40-K40)/K40 -> 0.2975
A41: 3 | B41: BORDEX | C41: 12x1200x2500 | D41: =ROUNDUP((IF('BİNA BİLGİLERİ'!D32="BORDEX",1,0)+IF('BİNA BİLGİLERİ'!E32="BORDEX",1,0)+IF('BİNA BİLGİLERİ'!F32="BORDEX",1,0))*'BİNA BİLGİLERİ'!B32*'BİNA BİLGİLERİ'!B9/2.88,0)+ROUNDUP((IF('BİNA BİLGİLERİ'!D33="BORDEX",1,0)+IF('BİNA BİLGİLERİ'!E33="BORDEX",1,0)+IF('BİNA BİLGİLERİ'!F33="BORDEX",1,0))*'BİNA BİLGİLERİ'!B33*'BİNA BİLGİLERİ'!B9/2.88,0)*2+ROUNDUP((IF('BİNA BİLGİLERİ'!D34="BORDEX",1,0)+IF('BİNA BİLGİLERİ'!E34="BORDEX",1,0)+IF('BİNA BİLGİLERİ'!F34="BORDEX",1,0))*'BİNA BİLGİLERİ'!B34/2.88,0)+ROUNDUP((IF('BİNA BİLGİLERİ'!D35="BORDEX",1,0)+IF('BİNA BİLGİLERİ'!E35="BORDEX",1,0)+IF('BİNA BİLGİLERİ'!F35="BORDEX",1,0))*'BİNA BİLGİLERİ'!B35/2.88,0)+ROUNDUP((IF('BİNA BİLGİLERİ'!D33="BORDEX",1,0)+IF('BİNA BİLGİLERİ'!E33="BORDEX",1,0)+IF('BİNA BİLGİLERİ'!F33="BORDEX",1,0))*'BİNA BİLGİLERİ'!B32*'BİNA BİLGİLERİ'!B9/2.88,0)+IF('BİNA BİLGİLERİ'!D32="BORDEX",ROUNDUP(('BİNA BİLGİLERİ'!B17+'BİNA BİLGİLERİ'!B18)/2.4,0),IF('BİNA BİLGİLERİ'!E32="BORDEX",ROUNDUP(('BİNA BİLGİLERİ'!B17+'BİNA BİLGİLERİ'!B18)/2.4,0),IF('BİNA BİLGİLERİ'!F32="BORDEX",ROUNDUP(('BİNA BİLGİLERİ'!B17+'BİNA BİLGİLERİ'!B18)/2.4,0),0))) -> 57 | E41: =K41*1.73 -> 973.99 | F41: =E41*D41 -> 55517.43 | I41: =563/1.2 -> 469.16667 | J41: =I41*D41 -> 26742.5 | K41: =I41*1.2 -> 563 | L41: =E41-E41*$E$223/100 -> 730.4925 | M41: =(L41-K41)/K41 -> 0.2975
A42: 4 | B42: 11 mm OSB 2 | C42: 11*122*244 | D42: =ROUNDUP((IF('BİNA BİLGİLERİ'!D32="11 mm OSB 2",1,0)+IF('BİNA BİLGİLERİ'!E32="11 mm OSB 2",1,0)+IF('BİNA BİLGİLERİ'!F32="11 mm OSB 2",1,0))*'BİNA BİLGİLERİ'!B32*'BİNA BİLGİLERİ'!B9/2.97,0)+ROUNDUP((IF('BİNA BİLGİLERİ'!D33="11 mm OSB 2",1,0)+IF('BİNA BİLGİLERİ'!E33="11 mm OSB 2",1,0)+IF('BİNA BİLGİLERİ'!F33="11 mm OSB 2",1,0))*'BİNA BİLGİLERİ'!B33*'BİNA BİLGİLERİ'!B9/2.97,0)*2+ROUNDUP((IF('BİNA BİLGİLERİ'!D34="11 mm OSB 2",1,0)+IF('BİNA BİLGİLERİ'!E34="11 mm OSB 2",1,0)+IF('BİNA BİLGİLERİ'!F34="11 mm OSB 2",1,0))*'BİNA BİLGİLERİ'!B34/2.97,0)+ROUNDUP((IF('BİNA BİLGİLERİ'!D35="11 mm OSB 2",1,0)+IF('BİNA BİLGİLERİ'!E35="11 mm OSB 2",1,0)+IF('BİNA BİLGİLERİ'!F35="11 mm OSB 2",1,0))*'BİNA BİLGİLERİ'!B35/2.97,0)+ROUNDUP((IF('BİNA BİLGİLERİ'!D33="11 mm OSB 2",1,0)+IF('BİNA BİLGİLERİ'!E33="11 mm OSB 2",1,0)+IF('BİNA BİLGİLERİ'!F33="11 mm OSB 2",1,0))*'BİNA BİLGİLERİ'!B32*'BİNA BİLGİLERİ'!B9/2.97,0) -> 183 | E42: =K42*1.73 -> 1036.27 | F42: =E42*D42 -> 189637.41 | I42: =599/1.2 -> 499.16667 | J42: =I42*D42 -> 91347.5 | K42: =I42*1.2 -> 599 | L42: =E42-E42*$E$223/100 -> 777.2025 | M42: =(L42-K42)/K42 -> 0.2975
A43: 5 | B43: YALIBASKI SİDİNG FİBERCEMENT | C43: 8*200*2500 | D43: =ROUNDUP((IF('BİNA BİLGİLERİ'!D32="YALIBASKI SİDİNG FİBERCEMENT",1,0)+IF('BİNA BİLGİLERİ'!E32="YALIBASKI SİDİNG FİBERCEMENT",1,0)+IF('BİNA BİLGİLERİ'!F32="YALIBASKI SİDİNG FİBERCEMENT",1,0))*'BİNA BİLGİLERİ'!B32*'BİNA BİLGİLERİ'!B9/0.5,0)+ROUNDUP((IF('BİNA BİLGİLERİ'!D33="YALIBASKI SİDİNG FİBERCEMENT",1,0)+IF('BİNA BİLGİLERİ'!E33="YALIBASKI SİDİNG FİBERCEMENT",1,0)+IF('BİNA BİLGİLERİ'!F33="YALIBASKI SİDİNG FİBERCEMENT",1,0))*'BİNA BİLGİLERİ'!B33*'BİNA BİLGİLERİ'!B9/0.5,0)*2+ROUNDUP((IF('BİNA BİLGİLERİ'!D34="YALIBASKI SİDİNG FİBERCEMENT",1,0)+IF('BİNA BİLGİLERİ'!E34="YALIBASKI SİDİNG FİBERCEMENT",1,0)+IF('BİNA BİLGİLERİ'!F34="YALIBASKI SİDİNG FİBERCEMENT",1,0))*'BİNA BİLGİLERİ'!B34/0.5,0)+ROUNDUP((IF('BİNA BİLGİLERİ'!D35="YALIBASKI SİDİNG FİBERCEMENT",1,0)+IF('BİNA BİLGİLERİ'!E35="YALIBASKI SİDİNG FİBERCEMENT",1,0)+IF('BİNA BİLGİLERİ'!F35="YALIBASKI SİDİNG FİBERCEMENT",1,0))*'BİNA BİLGİLERİ'!B35/0.5,0)+ROUNDUP((IF('BİNA BİLGİLERİ'!D33="YALIBASKI SİDİNG FİBERCEMENT",1,0)+IF('BİNA BİLGİLERİ'!E33="YALIBASKI SİDİNG FİBERCEMENT",1,0)+IF('BİNA BİLGİLERİ'!F33="YALIBASKI SİDİNG FİBERCEMENT",1,0))*'BİNA BİLGİLERİ'!B32*'BİNA BİLGİLERİ'!B9/0.5,0) -> 0 | E43: =K43*1.73 -> 449.8 | F43: =E43*D43 -> 0 | I43: =260/1.2 -> 216.66667 | J43: =I43*D43 -> 0 | K43: =I43*1.2 -> 260 | L43: =E43-E43*$E$223/100 -> 337.35 | M43: =(L43-K43)/K43 -> 0.2975
A44: 6 | B44: AĞAÇDESEN FUGALI FİBERCEMENT | C44: 12*385*2500 | D44: =ROUNDUP((IF('BİNA BİLGİLERİ'!D32="AĞAÇDESEN FUGALI FİBERCEMENT",1,0)+IF('BİNA BİLGİLERİ'!E32="AĞAÇDESEN FUGALI FİBERCEMENT",1,0)+IF('BİNA BİLGİLERİ'!F32="AĞAÇDESEN FUGALI FİBERCEMENT",1,0))*'BİNA BİLGİLERİ'!B32*'BİNA BİLGİLERİ'!B9/0.96,0)+ROUNDUP((IF('BİNA BİLGİLERİ'!D33="AĞAÇDESEN FUGALI FİBERCEMENT",1,0)+IF('BİNA BİLGİLERİ'!E33="AĞAÇDESEN FUGALI FİBERCEMENT",1,0)+IF('BİNA BİLGİLERİ'!F33="AĞAÇDESEN FUGALI FİBERCEMENT",1,0))*'BİNA BİLGİLERİ'!B33*'BİNA BİLGİLERİ'!B9/0.96,0)*2+ROUNDUP((IF('BİNA BİLGİLERİ'!D34="AĞAÇDESEN FUGALI FİBERCEMENT",1,0)+IF('BİNA BİLGİLERİ'!E34="AĞAÇDESEN FUGALI FİBERCEMENT",1,0)+IF('BİNA BİLGİLERİ'!F34="AĞAÇDESEN FUGALI FİBERCEMENT",1,0))*'BİNA BİLGİLERİ'!B34/0.97,0)+ROUNDUP((IF('BİNA BİLGİLERİ'!D35="AĞAÇDESEN FUGALI FİBERCEMENT",1,0)+IF('BİNA BİLGİLERİ'!E35="AĞAÇDESEN FUGALI FİBERCEMENT",1,0)+IF('BİNA BİLGİLERİ'!F35="AĞAÇDESEN FUGALI FİBERCEMENT",1,0))*'BİNA BİLGİLERİ'!B35/0.97,0)+ROUNDUP((IF('BİNA BİLGİLERİ'!D33="AĞAÇDESEN FUGALI FİBERCEMENT",1,0)+IF('BİNA BİLGİLERİ'!E33="AĞAÇDESEN FUGALI FİBERCEMENT",1,0)+IF('BİNA BİLGİLERİ'!F33="AĞAÇDESEN FUGALI FİBERCEMENT",1,0))*'BİNA BİLGİLERİ'!B32*'BİNA BİLGİLERİ'!B9/0.97,0) -> 0 | E44: =K44*1.73 -> 1086.44 | F44: =E44*D44 -> 0 | I44: =628/1.2 -> 523.33333 | J44: =I44*D44 -> 0 | K44: =I44*1.2 -> 628 | L44: =E44-E44*$E$223/100 -> 814.83 | M44: =(L44-K44)/K44 -> 0.2975
A45: 7 | B45: TAŞDESEN FUGALI FİBERCEMENT | C45: 12*385*2500 | D45: =ROUNDUP((IF('BİNA BİLGİLERİ'!D32="TAŞDESEN FUGALI FİBERCEMENT",1,0)+IF('BİNA BİLGİLERİ'!E32="TAŞDESEN FUGALI FİBERCEMENT",1,0)+IF('BİNA BİLGİLERİ'!F32="TAŞDESEN FUGALI FİBERCEMENT",1,0))*'BİNA BİLGİLERİ'!B32*'BİNA BİLGİLERİ'!B9/0.96,0)+ROUNDUP((IF('BİNA BİLGİLERİ'!D33="TAŞDESEN FUGALI FİBERCEMENT",1,0)+IF('BİNA BİLGİLERİ'!E33="TAŞDESEN FUGALI FİBERCEMENT",1,0)+IF('BİNA BİLGİLERİ'!F33="TAŞDESEN FUGALI FİBERCEMENT",1,0))*'BİNA BİLGİLERİ'!B33*'BİNA BİLGİLERİ'!B9/0.96,0)*2+ROUNDUP((IF('BİNA BİLGİLERİ'!D34="TAŞDESEN FUGALI FİBERCEMENT",1,0)+IF('BİNA BİLGİLERİ'!E34="TAŞDESEN FUGALI FİBERCEMENT",1,0)+IF('BİNA BİLGİLERİ'!F34="TAŞDESEN FUGALI FİBERCEMENT",1,0))*'BİNA BİLGİLERİ'!B34/0.97,0)+ROUNDUP((IF('BİNA BİLGİLERİ'!D35="TAŞDESEN FUGALI FİBERCEMENT",1,0)+IF('BİNA BİLGİLERİ'!E35="TAŞDESEN FUGALI FİBERCEMENT",1,0)+IF('BİNA BİLGİLERİ'!F35="TAŞDESEN FUGALI FİBERCEMENT",1,0))*'BİNA BİLGİLERİ'!B35/0.97,0)+ROUNDUP((IF('BİNA BİLGİLERİ'!D33="TAŞDESEN FUGALI FİBERCEMENT",1,0)+IF('BİNA BİLGİLERİ'!E33="TAŞDESEN FUGALI FİBERCEMENT",1,0)+IF('BİNA BİLGİLERİ'!F33="TAŞDESEN FUGALI FİBERCEMENT",1,0))*'BİNA BİLGİLERİ'!B32*'BİNA BİLGİLERİ'!B9/0.97,0) -> 0 | E45: =K45*1.73 -> 1131.42 | F45: =E45*D45 -> 0 | I45: =654/1.2 -> 545 | J45: =I45*D45 -> 0 | K45: =I45*1.2 -> 654 | L45: =E45-E45*$E$223/100 -> 848.565 | M45: =(L45-K45)/K45 -> 0.2975
A46: 8 | B46: AHŞAP DESEN LEVHA | C46: 8x1250x3000 | D46: =ROUNDUP((IF('BİNA BİLGİLERİ'!D32="AHŞAP DESEN LEVHA",1,0)+IF('BİNA BİLGİLERİ'!E32="AHŞAP DESEN LEVHA",1,0)+IF('BİNA BİLGİLERİ'!F32="AHŞAP DESEN LEVHA",1,0))*'BİNA BİLGİLERİ'!B32*'BİNA BİLGİLERİ'!B9/3.75,0)+ROUNDUP((IF('BİNA BİLGİLERİ'!D33="AHŞAP DESEN LEVHA",1,0)+IF('BİNA BİLGİLERİ'!E33="AHŞAP DESEN LEVHA",1,0)+IF('BİNA BİLGİLERİ'!F33="AHŞAP DESEN LEVHA",1,0))*'BİNA BİLGİLERİ'!B33*'BİNA BİLGİLERİ'!B9/3.75,0)*2+ROUNDUP((IF('BİNA BİLGİLERİ'!D34="AHŞAP DESEN LEVHA",1,0)+IF('BİNA BİLGİLERİ'!E34="AHŞAP DESEN LEVHA",1,0)+IF('BİNA BİLGİLERİ'!F34="AHŞAP DESEN LEVHA",1,0))*'BİNA BİLGİLERİ'!B34/3.75,0)+ROUNDUP((IF('BİNA BİLGİLERİ'!D35="AHŞAP DESEN LEVHA",1,0)+IF('BİNA BİLGİLERİ'!E35="AHŞAP DESEN LEVHA",1,0)+IF('BİNA BİLGİLERİ'!F35="AHŞAP DESEN LEVHA",1,0))*'BİNA BİLGİLERİ'!B35/3.75,0)+ROUNDUP((IF('BİNA BİLGİLERİ'!D33="AHŞAP DESEN LEVHA",1,0)+IF('BİNA BİLGİLERİ'!E33="AHŞAP DESEN LEVHA",1,0)+IF('BİNA BİLGİLERİ'!F33="AHŞAP DESEN LEVHA",1,0))*'BİNA BİLGİLERİ'!B32*'BİNA BİLGİLERİ'!B9/3.75,0) -> 0 | E46: =K46*1.73 -> 1672.91 | F46: =E46*D46 -> 0 | I46: =967/1.2 -> 805.83333 | J46: =I46*D46 -> 0 | K46: =I46*1.2 -> 967 | L46: =E46-E46*$E$223/100 -> 1254.6825 | M46: =(L46-K46)/K46 -> 0.2975
A47: 9 | B47: FİBERCEMENT LEVHA (ARAKAT İÇİN) | C47: 16x1250x2500 | D47: =IF('BİNA BİLGİLERİ'!B7="2",ROUNDUP('BİNA BİLGİLERİ'!B8/3.125,0)+2,0) -> 0 | E47: =K47*1.73 -> 2159.04 | F47: =E47*D47 -> 0 | I47: =1248/1.2 -> 1040 | J47: =I47*D47 -> 0 | K47: =I47*1.2 -> 1248 | L47: =E47-E47*$E$223/100 -> 1619.28 | M47: =(L47-K47)/K47 -> 0.2975
A48: 10 | B48: FİBERCEMENT LEVHA | C48: 8x1250x2500 | D48: =ROUNDUP((IF('BİNA BİLGİLERİ'!D32="FİBERCEMENT LEVHA",1,0)+IF('BİNA BİLGİLERİ'!E32="FİBERCEMENT LEVHA",1,0)+IF('BİNA BİLGİLERİ'!F32="FİBERCEMENT LEVHA",1,0))*'BİNA BİLGİLERİ'!B32*'BİNA BİLGİLERİ'!B9/3.125,0)+ROUNDUP((IF('BİNA BİLGİLERİ'!D33="FİBERCEMENT LEVHA",1,0)+IF('BİNA BİLGİLERİ'!E33="FİBERCEMENT LEVHA",1,0)+IF('BİNA BİLGİLERİ'!F33="FİBERCEMENT LEVHA",1,0))*'BİNA BİLGİLERİ'!B33*'BİNA BİLGİLERİ'!B9/3.125,0)*2+ROUNDUP((IF('BİNA BİLGİLERİ'!D34="FİBERCEMENT LEVHA",1,0)+IF('BİNA BİLGİLERİ'!E34="FİBERCEMENT LEVHA",1,0)+IF('BİNA BİLGİLERİ'!F34="FİBERCEMENT LEVHA",1,0))*'BİNA BİLGİLERİ'!B34/3.125,0)+ROUNDUP((IF('BİNA BİLGİLERİ'!D35="FİBERCEMENT LEVHA",1,0)+IF('BİNA BİLGİLERİ'!E35="FİBERCEMENT LEVHA",1,0)+IF('BİNA BİLGİLERİ'!F35="FİBERCEMENT LEVHA",1,0))*'BİNA BİLGİLERİ'!B35/3.125,0)+ROUNDUP((IF('BİNA BİLGİLERİ'!D33="FİBERCEMENT LEVHA",1,0)+IF('BİNA BİLGİLERİ'!E33="FİBERCEMENT LEVHA",1,0)+IF('BİNA BİLGİLERİ'!F33="FİBERCEMENT LEVHA",1,0))*'BİNA BİLGİLERİ'!B32*'BİNA BİLGİLERİ'!B9/3.125,0) -> 0 | E48: =K48*1.73 -> 1079.52 | F48: =E48*D48 -> 0 | I48: =624/1.2 -> 520 | J48: =I48*D48 -> 0 | K48: =I48*1.2 -> 624 | L48: =E48-E48*$E$223/100 -> 809.64 | M48: =(L48-K48)/K48 -> 0.2975
A49: 11 | B49: KÖŞE SÖVESİ FİBERCEMENT KAPLAMA | C49: 16x150x2800 | D49: =IF('BİNA BİLGİLERİ'!D32="YALIBASKI SİDİNG FİBERCEMENT",(('BİNA BİLGİLERİ'!B9*'BİNA BİLGİLERİ'!B7+0.3)*'BİNA BİLGİLERİ'!B4)/2.8,IF('BİNA BİLGİLERİ'!D32="AĞAÇDESEN FUGALI FİBERCEMENT",(('BİNA BİLGİLERİ'!B9*'BİNA BİLGİLERİ'!B7+0.3)*'BİNA BİLGİLERİ'!B4)/2.8,IF('BİNA BİLGİLERİ'!D32="TAŞDESEN FUGALI FİBERCEMENT",(('BİNA BİLGİLERİ'!B9*'BİNA BİLGİLERİ'!B7+0.3)*'BİNA BİLGİLERİ'!B4)/2.8,IF('BİNA BİLGİLERİ'!D32="AHŞAP DESEN LEVHA",(('BİNA BİLGİLERİ'!B9*'BİNA BİLGİLERİ'!B7+0.3)*'BİNA BİLGİLERİ'!B4)/2.8,IF('BİNA BİLGİLERİ'!D32="FİBERCEMENT LEVHA",(('BİNA BİLGİLERİ'!B9*'BİNA BİLGİLERİ'!B7+0.3)*'BİNA BİLGİLERİ'!B4)/2.8,IF('BİNA BİLGİLERİ'!E32="YALIBASKI SİDİNG FİBERCEMENT",(('BİNA BİLGİLERİ'!B9*'BİNA BİLGİLERİ'!B7+0.3)*'BİNA BİLGİLERİ'!B4)/2.8,IF('BİNA BİLGİLERİ'!E32="AĞAÇDESEN FUGALI FİBERCEMENT",(('BİNA BİLGİLERİ'!B9*'BİNA BİLGİLERİ'!B7+0.3)*'BİNA BİLGİLERİ'!B4)/2.8,IF('BİNA BİLGİLERİ'!E32="TAŞDESEN FUGALI FİBERCEMENT",(('BİNA BİLGİLERİ'!B9*'BİNA BİLGİLERİ'!B7+0.3)*'BİNA BİLGİLERİ'!B4)/2.8,IF('BİNA BİLGİLERİ'!E32="AHŞAP DESEN LEVHA",(('BİNA BİLGİLERİ'!B9*'BİNA BİLGİLERİ'!B7+0.3)*'BİNA BİLGİLERİ'!B4)/2.8,IF('BİNA BİLGİLERİ'!E32="FİBERCEMENT LEVHA",(('BİNA BİLGİLERİ'!B9*'BİNA BİLGİLERİ'!B7+0.3)*'BİNA BİLGİLERİ'!B4)/2.8,IF('BİNA BİLGİLERİ'!F32="YALIBASKI SİDİNG FİBERCEMENT",(('BİNA BİLGİLERİ'!B9*'BİNA BİLGİLERİ'!B7+0.3)*'BİNA BİLGİLERİ'!B4)/2.8,IF('BİNA BİLGİLERİ'!F32="AĞAÇDESEN FUGALI FİBERCEMENT",(('BİNA BİLGİLERİ'!B9*'BİNA BİLGİLERİ'!B7+0.3)*'BİNA BİLGİLERİ'!B4)/2.8,IF('BİNA BİLGİLERİ'!F32="TAŞDESEN FUGALI FİBERCEMENT",(('BİNA BİLGİLERİ'!B9*'BİNA BİLGİLERİ'!B7+0.3)*'BİNA BİLGİLERİ'!B4)/2.8,IF('BİNA BİLGİLERİ'!F32="AHŞAP DESEN LEVHA",(('BİNA BİLGİLERİ'!B9*'BİNA BİLGİLERİ'!B7+0.3)*'BİNA BİLGİLERİ'!B4)/2.8,IF('BİNA BİLGİLERİ'!F32="FİBERCEMENT LEVHA",(('BİNA BİLGİLERİ'!B9*'BİNA BİLGİLERİ'!B7+0.3)*'BİNA BİLGİLERİ'!B4)/2.8,0))))))))))))))) -> 0 | E49: =K49*1.73 -> 363.3 | F49: =E49*D49 -> 0 | I49: =210/1.2 -> 175 | J49: =I49*D49 -> 0 | K49: =I49*1.2 -> 210 | L49: =E49-E49*$E$223/100 -> 272.475 | M49: =(L49-K49)/K49 -> 0.2975
A50: 12 | B50: PENCERE KENAR SÖVESİ FİBERCEMENT KAPLAMA | C50: 16x120x2500 | D50: =IF('BİNA BİLGİLERİ'!D32="YALIBASKI SİDİNG FİBERCEMENT",Q82,IF('BİNA BİLGİLERİ'!D32="AĞAÇDESEN FUGALI FİBERCEMENT",Q82,IF('BİNA BİLGİLERİ'!D32="TAŞDESEN FUGALI FİBERCEMENT",Q82,IF('BİNA BİLGİLERİ'!D32="AHŞAP DESEN LEVHA",Q82,IF('BİNA BİLGİLERİ'!D32="FİBERCEMENT LEVHA",Q82,IF('BİNA BİLGİLERİ'!E32="YALIBASKI SİDİNG FİBERCEMENT",Q82,IF('BİNA BİLGİLERİ'!E32="AĞAÇDESEN FUGALI FİBERCEMENT",Q82,IF('BİNA BİLGİLERİ'!E32="TAŞDESEN FUGALI FİBERCEMENT",Q82,IF('BİNA BİLGİLERİ'!E32="AHŞAP DESEN LEVHA",Q82,IF('BİNA BİLGİLERİ'!E32="FİBERCEMENT LEVHA",Q82,IF('BİNA BİLGİLERİ'!F32="YALIBASKI SİDİNG FİBERCEMENT",Q82,IF('BİNA BİLGİLERİ'!F32="AĞAÇDESEN FUGALI FİBERCEMENT",Q82,IF('BİNA BİLGİLERİ'!F32="TAŞDESEN FUGALI FİBERCEMENT",Q82,IF('BİNA BİLGİLERİ'!F32="AHŞAP DESEN LEVHA",Q82,IF('BİNA BİLGİLERİ'!F32="FİBERCEMENT LEVHA",Q82,0))))))))))))))) -> 0 | E50: =K50*1.73 -> 363.3 | F50: =E50*D50 -> 0 | I50: =210/1.2 -> 175 | J50: =I50*D50 -> 0 | K50: =I50*1.2 -> 210 | L50: =E50-E50*$E$223/100 -> 272.475 | M50: =(L50-K50)/K50 -> 0.2975
A51: 13 | B51: SAÇAK VE ALIN FİBERCEMENT KAPLAMA | C51: 16x200x2500 | D51: =IF('BİNA BİLGİLERİ'!D32="YALIBASKI SİDİNG FİBERCEMENT",ROUNDUP(('BİNA BİLGİLERİ'!B17+'BİNA BİLGİLERİ'!B18)/2.4,0),IF('BİNA BİLGİLERİ'!D32="AĞAÇDESEN FUGALI FİBERCEMENT",ROUNDUP(('BİNA BİLGİLERİ'!B17+'BİNA BİLGİLERİ'!B18)/2.4,0),IF('BİNA BİLGİLERİ'!D32="TAŞDESEN FUGALI FİBERCEMENT",ROUNDUP(('BİNA BİLGİLERİ'!B17+'BİNA BİLGİLERİ'!B18)/2.4,0),IF('BİNA BİLGİLERİ'!D32="AHŞAP DESEN LEVHA",ROUNDUP(('BİNA BİLGİLERİ'!B17+'BİNA BİLGİLERİ'!B18)/2.4,0),IF('BİNA BİLGİLERİ'!D32="FİBERCEMENT LEVHA",ROUNDUP(('BİNA BİLGİLERİ'!B17+'BİNA BİLGİLERİ'!B18)/2.4,0),IF('BİNA BİLGİLERİ'!E32="YALIBASKI SİDİNG FİBERCEMENT",ROUNDUP(('BİNA BİLGİLERİ'!B17+'BİNA BİLGİLERİ'!B18)/2.4,0),IF('BİNA BİLGİLERİ'!E32="AĞAÇDESEN FUGALI FİBERCEMENT",ROUNDUP(('BİNA BİLGİLERİ'!B17+'BİNA BİLGİLERİ'!B18)/2.4,0),IF('BİNA BİLGİLERİ'!E32="TAŞDESEN FUGALI FİBERCEMENT",ROUNDUP(('BİNA BİLGİLERİ'!B17+'BİNA BİLGİLERİ'!B18)/2.4,0),IF('BİNA BİLGİLERİ'!E32="AHŞAP DESEN LEVHA",ROUNDUP(('BİNA BİLGİLERİ'!B17+'BİNA BİLGİLERİ'!B18)/2.4,0),IF('BİNA BİLGİLERİ'!E32="FİBERCEMENT LEVHA",ROUNDUP(('BİNA BİLGİLERİ'!B17+'BİNA BİLGİLERİ'!B18)/2.4,0),IF('BİNA BİLGİLERİ'!F32="YALIBASKI SİDİNG FİBERCEMENT",ROUNDUP(('BİNA BİLGİLERİ'!B17+'BİNA BİLGİLERİ'!B18)/2.4,0),IF('BİNA BİLGİLERİ'!F32="AĞAÇDESEN FUGALI FİBERCEMENT",ROUNDUP(('BİNA BİLGİLERİ'!B17+'BİNA BİLGİLERİ'!B18)/2.4,0),IF('BİNA BİLGİLERİ'!F32="TAŞDESEN FUGALI FİBERCEMENT",ROUNDUP(('BİNA BİLGİLERİ'!B17+'BİNA BİLGİLERİ'!B18)/2.4,0),IF('BİNA BİLGİLERİ'!F32="AHŞAP DESEN LEVHA",ROUNDUP(('BİNA BİLGİLERİ'!B17+'BİNA BİLGİLERİ'!B18)/2.4,0),IF('BİNA BİLGİLERİ'!F32="FİBERCEMENT LEVHA",ROUNDUP(('BİNA BİLGİLERİ'!B17+'BİNA BİLGİLERİ'!B18)/2.4,0),0))))))))))))))) -> 0 | E51: =K51*1.73 -> 467.1 | F51: =E51*D51 -> 0 | I51: =270/1.2 -> 225 | J51: =I51*D51 -> 0 | K51: =I51*1.2 -> 270 | L51: =E51-E51*$E$223/100 -> 350.325 | M51: =(L51-K51)/K51 -> 0.2975
A52: 14 | B52: SAÇAK VE ALIN ALTI FİBERCEMENT KAPLAMA | C52: 8x400x2500 | D52: =IF('BİNA BİLGİLERİ'!D32="YALIBASKI SİDİNG FİBERCEMENT",ROUNDUP(('BİNA BİLGİLERİ'!B17+'BİNA BİLGİLERİ'!B18)/2.4,0),IF('BİNA BİLGİLERİ'!D32="AĞAÇDESEN FUGALI FİBERCEMENT",ROUNDUP(('BİNA BİLGİLERİ'!B17+'BİNA BİLGİLERİ'!B18)/2.4,0),IF('BİNA BİLGİLERİ'!D32="TAŞDESEN FUGALI FİBERCEMENT",ROUNDUP(('BİNA BİLGİLERİ'!B17+'BİNA BİLGİLERİ'!B18)/2.4,0),IF('BİNA BİLGİLERİ'!D32="AHŞAP DESEN LEVHA",ROUNDUP(('BİNA BİLGİLERİ'!B17+'BİNA BİLGİLERİ'!B18)/2.4,0),IF('BİNA BİLGİLERİ'!D32="FİBERCEMENT LEVHA",ROUNDUP(('BİNA BİLGİLERİ'!B17+'BİNA BİLGİLERİ'!B18)/2.4,0),IF('BİNA BİLGİLERİ'!E32="YALIBASKI SİDİNG FİBERCEMENT",ROUNDUP(('BİNA BİLGİLERİ'!B17+'BİNA BİLGİLERİ'!B18)/2.4,0),IF('BİNA BİLGİLERİ'!E32="AĞAÇDESEN FUGALI FİBERCEMENT",ROUNDUP(('BİNA BİLGİLERİ'!B17+'BİNA BİLGİLERİ'!B18)/2.4,0),IF('BİNA BİLGİLERİ'!E32="TAŞDESEN FUGALI FİBERCEMENT",ROUNDUP(('BİNA BİLGİLERİ'!B17+'BİNA BİLGİLERİ'!B18)/2.4,0),IF('BİNA BİLGİLERİ'!E32="AHŞAP DESEN LEVHA",ROUNDUP(('BİNA BİLGİLERİ'!B17+'BİNA BİLGİLERİ'!B18)/2.4,0),IF('BİNA BİLGİLERİ'!E32="FİBERCEMENT LEVHA",ROUNDUP(('BİNA BİLGİLERİ'!B17+'BİNA BİLGİLERİ'!B18)/2.4,0),IF('BİNA BİLGİLERİ'!F32="YALIBASKI SİDİNG FİBERCEMENT",ROUNDUP(('BİNA BİLGİLERİ'!B17+'BİNA BİLGİLERİ'!B18)/2.4,0),IF('BİNA BİLGİLERİ'!F32="AĞAÇDESEN FUGALI FİBERCEMENT",ROUNDUP(('BİNA BİLGİLERİ'!B17+'BİNA BİLGİLERİ'!B18)/2.4,0),IF('BİNA BİLGİLERİ'!F32="TAŞDESEN FUGALI FİBERCEMENT",ROUNDUP(('BİNA BİLGİLERİ'!B17+'BİNA BİLGİLERİ'!B18)/2.4,0),IF('BİNA BİLGİLERİ'!F32="AHŞAP DESEN LEVHA",ROUNDUP(('BİNA BİLGİLERİ'!B17+'BİNA BİLGİLERİ'!B18)/2.4,0),IF('BİNA BİLGİLERİ'!F32="FİBERCEMENT LEVHA",ROUNDUP(('BİNA BİLGİLERİ'!B17+'BİNA BİLGİLERİ'!B18)/2.4,0),0))))))))))))))) -> 0 | E52: =K52*1.73 -> 467.1 | F52: =E52*D52 -> 0 | I52: =270/1.2 -> 225 | J52: =I52*D52 -> 0 | K52: =I52*1.2 -> 270 | L52: =E52-E52*$E$223/100 -> 350.325 | M52: =(L52-K52)/K52 -> 0.2975
D53: TOPLAM | F53: =SUBTOTAL(9,F39:F52) -> 298366.87 | I53: =SUBTOTAL(9,I39:I52) -> 5860.6667 | J53: =SUBTOTAL(9,J39:J52) -> 143722 | K53: =SUBTOTAL(9,K39:K52) -> 7032.8 | L53: =SUBTOTAL(9,L39:L52) -> 9125.058
A54: ÇATI SACI GRUBU | D54: 1003
A55: 1 | B55: TRAPEZ ÇATI | C55: 1000 | D55: =IF('BİNA BİLGİLERİ'!B13="TRAPEZ ÇATI",'BİNA BİLGİLERİ'!B34,0) -> 0 | E55: =C55*4.9*P2*1.2*$G$2*1.73/1000 -> 513.75706 | F55: =E55*D55 -> 0 | I55: =C55*4.9*P2*G2/1000 -> 247.4745 | J55: =I55*D55 -> 0 | K55: =I55*1.2 -> 296.9694 | L55: =E55-E55*$E$223/100 -> 385.3178 | M55: =(L55-K55)/K55 -> 0.2975
A56: 2 | B56: SANDVİÇ PANEL | C56: 1 | D56: =IF('BİNA BİLGİLERİ'!B13="SANDVİÇ PANEL",'BİNA BİLGİLERİ'!B34,0) -> 0 | E56: 10 | F56: =E56*D56 -> 0 | I56: =C56*4.9*P2*G2/1000 -> 0.2474745 | J56: =I56*D56 -> 0 | K56: =I56*1.2 -> 0.2969694 | L56: =E56-E56*$E$223/100 -> 7.5 | M56: =(L56-K56)/K56 -> 24.255127
A57: 3 | B57: METAL KİREMİT ÇATI | C57: 1000 | D57: =IF('BİNA BİLGİLERİ'!B13="METAL KİREMİT ÇATI ",'BİNA BİLGİLERİ'!B34,0) -> 126.7249 | E57: =C57*4.9*$P$2*1.2*$G$2*1.73/1000*1.15*1.05 -> 620.36165 | F57: =E57*D57 -> 78615.266 | I57: =C57*4.9*P2*G2/1000*1.05 -> 259.84823 | J57: =I57*D57 -> 32929.239 | K57: =I57*1.2 -> 311.81787 | L57: =E57-E57*$E$223/100 -> 465.27124 | M57: =(L57-K57)/K57 -> 0.492125
A58: 4 | B58: ANTRASİT GRİ BOYALI ÇATI SACI - 1100 KAPATIR | E58: =C58*4.9*P2*1.2*$G$2*1.73/1000*1.05 -> 0 | F58: =E58*D58 -> 0 | I58: =C58*4.9*P2*G2/1000*1.05 -> 0 | J58: =I58*D58 -> 0 | K58: =I58*1.2 -> 0 | L58: =E58-E58*$E$223/100 -> 0 | M58: =(L58-K58)/K58 -> #DIV/0!
A59: 5 | B59: KIRMIZI BOYALI SAC MAHYA | C59: L:1100 | E59: =K59*1.73 -> 516.924 | F59: =E59*D59 -> 0 | I59: 249 | J59: =I59*D59 -> 0 | K59: =I59*1.2 -> 298.8 | L59: =E59-E59*$E$223/100 -> 387.693 | M59: =(L59-K59)/K59 -> 0.2975
A60: 5 | B60: ANTRASİT GRİ BOYALI SAC MAHYA | C60: L:1100 | E60: =K60*1.73 -> 537.684 | F60: =E60*D60 -> 0 | I60: 259 | J60: =I60*D60 -> 0 | K60: =I60*1.2 -> 310.8 | L60: =E60-E60*$E$223/100 -> 403.263 | M60: =(L60-K60)/K60 -> 0.2975
A61: 6 | B61: METAL KİREMİT ÇATI | C61: 1000 | E61: =C61*4.9*$P$2*1.2*$G$2*1.73/1000*1.15 -> 590.82062 | F61: =E61*D61 -> 0 | I61: =C61*4.9*$P$2*$G$2/1000*1.15 -> 284.59567 | J61: =I61*D61 -> 0 | K61: =I61*1.2 -> 341.51481 | L61: =E61-E61*$E$223/100 -> 443.11547 | M61: =(L61-K61)/K61 -> 0.2975
A62: 7 | B62: KIRMIZI METAL KİREMİT | C62: 1522 | E62: =C62*4.9*$P$2*1.2*$G$2*1.73/1000*1.15 -> 899.22899 | F62: =E62*D62 -> 0 | I62: =C62*4.9*$P$2*$G$2/1000*1.15 -> 433.15462 | J62: =I62*D62 -> 0 | K62: =I62*1.2 -> 519.78554 | L62: =E62-E62*$E$223/100 -> 674.42174 | M62: =(L62-K62)/K62 -> 0.2975
A63: 8 | B63: KIRMIZI METAL KİREMİT | C63: 1872 | E63: =C63*4.9*$P$2*1.2*$G$2*1.73/1000*1.15 -> 1106.0162 | F63: =E63*D63 -> 0 | I63: =C63*4.9*$P$2*$G$2/1000*1.15 -> 532.7631 | J63: =I63*D63 -> 0 | K63: =I63*1.2 -> 639.31572 | L63: =E63-E63*$E$223/100 -> 829.51215 | M63: =(L63-K63)/K63 -> 0.2975
A64: 9 | B64: KIRMIZI METAL KİREMİT | C64: 2222 | E64: =C64*4.9*$P$2*1.2*$G$2*1.73/1000*1.15 -> 1312.8034 | F64: =E64*D64 -> 0 | I64: =C64*4.9*$P$2*$G$2/1000*1.15 -> 632.37159 | J64: =I64*D64 -> 0 | K64: =I64*1.2 -> 758.84591 | L64: =E64-E64*$E$223/100 -> 984.60257 | M64: =(L64-K64)/K64 -> 0.2975
A65: 10 | B65: KIRMIZI METAL KİREMİT | C65: 2572 | E65: =C65*4.9*$P$2*1.2*$G$2*1.73/1000*1.15 -> 1519.5906 | F65: =E65*D65 -> 0 | I65: =C65*4.9*$P$2*$G$2/1000*1.15 -> 731.98008 | J65: =I65*D65 -> 0 | K65: =I65*1.2 -> 878.37609 | L65: =E65-E65*$E$223/100 -> 1139.693 | M65: =(L65-K65)/K65 -> 0.2975
A66: 11 | B66: KIRMIZI METAL KİREMİT | C66: 2922 | E66: =C66*4.9*$P$2*1.2*$G$2*1.73/1000*1.15 -> 1726.3779 | F66: =E66*D66 -> 0 | I66: =C66*4.9*$P$2*$G$2/1000*1.15 -> 831.58856 | J66: =I66*D66 -> 0 | K66: =I66*1.2 -> 997.90627 | L66: =E66-E66*$E$223/100 -> 1294.7834 | M66: =(L66-K66)/K66 -> 0.2975
A67: 12 | B67: KIRMIZI METAL KİREMİT | C67: 3227 | E67: =C67*4.9*$P$2*1.2*$G$2*1.73/1000*1.15 -> 1906.5781 | F67: =E67*D67 -> 0 | I67: =C67*4.9*$P$2*$G$2/1000*1.15 -> 918.39024 | J67: =I67*D67 -> 0 | K67: =I67*1.2 -> 1102.0683 | L67: =E67-E67*$E$223/100 -> 1429.9336 | M67: =(L67-K67)/K67 -> 0.2975
A68: 13 | B68: KIRMIZI METAL KİREMİT | C68: 3622 | E68: =C68*4.9*$P$2*1.2*$G$2*1.73/1000*1.15 -> 2139.9523 | F68: =E68*D68 -> 0 | I68: =C68*4.9*$P$2*$G$2/1000*1.15 -> 1030.8055 | J68: =I68*D68 -> 0 | K68: =I68*1.2 -> 1236.9666 | L68: =E68-E68*$E$223/100 -> 1604.9642 | M68: =(L68-K68)/K68 -> 0.2975
A69: 14 | B69: KIRMIZI METAL KİREMİT | C69: 3970 | E69: =C69*4.9*$P$2*1.2*$G$2*1.73/1000*1.15 -> 2345.5579 | F69: =E69*D69 -> 0 | I69: =C69*4.9*$P$2*$G$2/1000*1.15 -> 1129.8448 | J69: =I69*D69 -> 0 | K69: =I69*1.2 -> 1355.8138 | L69: =E69-E69*$E$223/100 -> 1759.1684 | M69: =(L69-K69)/K69 -> 0.2975
A70: 15 | B70: KIRMIZI METAL KİREMİT | C70: 4322 | E70: =C70*4.9*$P$2*1.2*$G$2*1.73/1000*1.15 -> 2553.5267 | F70: =E70*D70 -> 0 | I70: =C70*4.9*$P$2*$G$2/1000*1.15 -> 1230.0225 | J70: =I70*D70 -> 0 | K70: =I70*1.2 -> 1476.027 | L70: =E70-E70*$E$223/100 -> 1915.145 | M70: =(L70-K70)/K70 -> 0.2975
A71: 16 | B71: KIRMIZI METAL KİREMİT | C71: 4672 | E71: =C71*4.9*$P$2*1.2*$G$2*1.73/1000*1.15 -> 2760.3139 | F71: =E71*D71 -> 0 | I71: =C71*4.9*$P$2*$G$2/1000*1.15 -> 1329.631 | J71: =I71*D71 -> 0 | K71: =I71*1.2 -> 1595.5572 | L71: =E71-E71*$E$223/100 -> 2070.2355 | M71: =(L71-K71)/K71 -> 0.2975
A72: 17 | B72: KIRMIZI METAL KİREMİT | C72: 5022 | E72: =C72*4.9*$P$2*1.2*$G$2*1.73/1000*1.15 -> 2967.1012 | F72: =E72*D72 -> 0 | I72: =C72*4.9*$P$2*$G$2/1000*1.15 -> 1429.2395 | J72: =I72*D72 -> 0 | K72: =I72*1.2 -> 1715.0874 | L72: =E72-E72*$E$223/100 -> 2225.3259 | M72: =(L72-K72)/K72 -> 0.2975
A73: 18 | B73: KIRMIZI METAL KİREMİT | C73: 5372 | E73: =C73*4.9*$P$2*1.2*$G$2*1.73/1000*1.15 -> 3173.8884 | F73: =E73*D73 -> 0 | I73: =C73*4.9*$P$2*$G$2/1000*1.15 -> 1528.848 | J73: =I73*D73 -> 0 | K73: =I73*1.2 -> 1834.6176 | L73: =E73-E73*$E$223/100 -> 2380.4163 | M73: =(L73-K73)/K73 -> 0.2975
D74: TOPLAM | F74: =SUBTOTAL(9,F55:F73) -> 78615.266 | I74: =SUBTOTAL(9,I55:I73) -> 13058.805 | J74: =SUBTOTAL(9,J55:J73) -> 32929.239 | K74: =SUBTOTAL(9,K55:K73) -> 15670.566 | L74: =SUBTOTAL(9,L55:L73) -> 20400.362
A75: KAPI VE PENCERE GRUBU | D75: 1004
A76: 1 | B76: GENİŞ KASA ÇELİK KAPI - Sol | C76: 90*205 | D76: ='BİNA BİLGİLERİ'!B39 -> 1 | E76: =K76*1.73 -> 13494 | F76: =E76*D76 -> 13494 | I76: 6500 | J76: =I76*D76 -> 6500 | K76: =I76*1.2 -> 7800 | L76: =E76-E76*$E$223/100 -> 10120.5 | M76: =(L76-K76)/K76 -> 0.2975
A77: 2 | B77: L KASA PVC KAPI+PERVAZ+MATİK+KOL Sağ - Sol | C77: 90*200 | D77: ='BİNA BİLGİLERİ'!B40 -> 0 | E77: =K77*1.73 -> 8978.7 | F77: =E77*D77 -> 0 | I77: 4325 | J77: =I77*D77 -> 0 | K77: =I77*1.2 -> 5190 | L77: =E77-E77*$E$223/100 -> 6734.025 | M77: =(L77-K77)/K77 -> 0.2975
A78: 3 | B78: L KASA DUBLE PVC KAPI +PERVAZ+MATİK+ KOL | C78: 160*200 | D78: ='BİNA BİLGİLERİ'!B41 -> 0 | E78: =K78*1.73 -> 16161.66 | F78: =E78*D78 -> 0 | I78: =4325*1.8 -> 7785 | J78: =I78*D78 -> 0 | K78: =I78*1.2 -> 9342 | L78: =E78-E78*$E$223/100 -> 12121.245 | M78: =(L78-K78)/K78 -> 0.2975
A79: 4 | B79: MELAMİN AHŞAP KASALI KAPI Sol - Sağ | C79: 90*201 | D79: ='BİNA BİLGİLERİ'!B42 -> 6 | E79: =K79*1.73 -> 11210.4 | F79: =E79*D79 -> 67262.4 | I79: 5400 | J79: =I79*D79 -> 32400 | K79: =I79*1.2 -> 6480 | L79: =E79-E79*$E$223/100 -> 8407.8 | M79: =(L79-K79)/K79 -> 0.2975
A80: 5 | B80: AHŞAP KASALI AMERİKAN KAPI Sol - Sağ | C80: 90*201 | D80: ='BİNA BİLGİLERİ'!B43 -> 0 | E80: =K80*1.73 -> 9549.6 | F80: =E80*D80 -> 0 | I80: 4600 | J80: =I80*D80 -> 0 | K80: =I80*1.2 -> 5520 | L80: =E80-E80*$E$223/100 -> 7162.2 | M80: =(L80-K80)/K80 -> 0.2975
D81: Z1
A82: 6 | B82: L KASA PVC PENCERE+PERVAZ+MATİK+ÇİFT AÇILIM | C82: 105/180 | D82: ='BİNA BİLGİLERİ'!B46 -> 0 | E82: =IF('BİNA BİLGİLERİ'!$C$46="BEYAZ",K82*1.73,K82*1.73*1.4) -> 12320.23 | F82: =E82*D82 -> 0 | I82: 4239 | J82: =I82*D82 -> 0 | K82: =I82*1.2 -> 5086.8 | L82: =E82-E82*$E$223/100 -> 9240.1722 | M82: =(L82-K82)/K82 -> 0.8165 | N82: =1.05+1.8+1.05+1.8 -> 5.7 | O82: =N82*D82 -> 0 | P82: =ROUNDUP(O82,0) -> 0 | Q82: =SUM(P82:P93)/2.5 -> 16
A83: 7 | B83: L KASA PVC PENCERE+PERVAZ+MATİK+SABİT CAM | C83: 59/180 | D83: ='BİNA BİLGİLERİ'!B47 -> 0 | E83: =IF('BİNA BİLGİLERİ'!$C$46="BEYAZ",K83*1.73,K83*1.73*1.4) -> 6051.1248 | F83: =E83*D83 -> 0 | I83: 2082 | J83: =I83*D83 -> 0 | K83: =I83*1.2 -> 2498.4 | L83: =E83-E83*$E$223/100 -> 4538.3436 | M83: =(L83-K83)/K83 -> 0.8165 | N83: =0.6+1.8+1.8+0.6 -> 4.8 | O83: =N83*D83 -> 0 | P83: =ROUNDUP(O83,0) -> 0
A84: 8 | B84: L KASA PVC PENCERE+PERVAZ+MATİK+ÇİFT AÇILIM | C84: 80/120 | D84: ='BİNA BİLGİLERİ'!B48 -> 1 | E84: =IF('BİNA BİLGİLERİ'!$C$46="BEYAZ",K84*1.73,K84*1.73*1.4) -> 7277.6256 | F84: =E84*D84 -> 7277.6256 | I84: 2504 | J84: =I84*D84 -> 2504 | K84: =I84*1.2 -> 3004.8 | L84: =E84-E84*$E$223/100 -> 5458.2192 | M84: =(L84-K84)/K84 -> 0.8165 | N84: =0.8+1.2+0.8+1.2 -> 4 | O84: =N84*D84 -> 4 | P84: =ROUNDUP(O84,0) -> 4
A85: 9 | B85: L KASA PVC PENCERE+PERVAZ+MATİK+ÇİFT AÇILIM | C85: 140/100 | D85: ='BİNA BİLGİLERİ'!B49 -> 2 | E85: =IF('BİNA BİLGİLERİ'!$C$46="BEYAZ",K85*1.73,K85*1.73*1.4) -> 9547.524 | F85: =E85*D85 -> 19095.048 | I85: 3285 | J85: =I85*D85 -> 6570 | K85: =I85*1.2 -> 3942 | L85: =E85-E85*$E$223/100 -> 7160.643 | M85: =(L85-K85)/K85 -> 0.8165 | N85: =1.4+1.4+2 -> 4.8 | O85: =N85*D85 -> 9.6 | P85: =ROUNDUP(O85,0) -> 10
A86: 10 | B86: L KASA PVC PENCERE+PERVAZ+MATİK+ÇİFT AÇILIM | C86: 140/140 | D86: ='BİNA BİLGİLERİ'!B50 -> 0 | E86: =IF('BİNA BİLGİLERİ'!$C$46="BEYAZ",K86*1.73,K86*1.73*1.4) -> 12203.974 | F86: =E86*D86 -> 0 | I86: 4199 | J86: =I86*D86 -> 0 | K86: =I86*1.2 -> 5038.8 | L86: =E86-E86*$E$223/100 -> 9152.9802 | M86: =(L86-K86)/K86 -> 0.8165 | N86: =1.4*4 -> 5.6 | O86: =N86*D86 -> 0 | P86: =ROUNDUP(O86,0) -> 0
A87: 11 | B87: L KASA PVC PENCERE+PERVAZ+MATİK+ÇİFT AÇILIM | C87: 140/160 | D87: ='BİNA BİLGİLERİ'!B51 -> 0 | E87: =IF('BİNA BİLGİLERİ'!$C$46="BEYAZ",K87*1.73,K87*1.73*1.4) -> 13532.198 | F87: =E87*D87 -> 0 | I87: 4656 | J87: =I87*D87 -> 0 | K87: =I87*1.2 -> 5587.2 | L87: =E87-E87*$E$223/100 -> 10149.149 | M87: =(L87-K87)/K87 -> 0.8165 | N87: =1.4+1.6+1.4+1.6 -> 6 | O87: =N87*D87 -> 0 | P87: =ROUNDUP(O87,0) -> 0
A88: 12 | B88: L KASA PVC PENCERE+PERVAZ+MATİK+ÇİFT AÇILIM | C88: 140/180 | D88: ='BİNA BİLGİLERİ'!B52 -> 0 | E88: =IF('BİNA BİLGİLERİ'!$C$46="BEYAZ",K88*1.73,K88*1.73*1.4) -> 14863.33 | F88: =E88*D88 -> 0 | I88: 5114 | J88: =I88*D88 -> 0 | K88: =I88*1.2 -> 6136.8 | L88: =E88-E88*$E$223/100 -> 11147.497 | M88: =(L88-K88)/K88 -> 0.8165 | N88: =1.4+1.8+1.4+1.8 -> 6.4 | O88: =N88*D88 -> 0 | P88: =ROUNDUP(O88,0) -> 0
A89: 13 | B89: L KASA PVC PENCERE+PERVAZ+MATİK+ÇİFT AÇILIM | C89: 160/120 | D89: ='BİNA BİLGİLERİ'!B53 -> 0 | E89: =IF('BİNA BİLGİLERİ'!$C$46="BEYAZ",K89*1.73,K89*1.73*1.4) -> 12424.86 | F89: =E89*D89 -> 0 | I89: 4275 | J89: =I89*D89 -> 0 | K89: =I89*1.2 -> 5130 | L89: =E89-E89*$E$223/100 -> 9318.645 | M89: =(L89-K89)/K89 -> 0.8165 | N89: =1.6+1.2+1.6+1.2 -> 5.6 | O89: =N89*D89 -> 0 | P89: =ROUNDUP(O89,0) -> 0
A90: 14 | B90: L KASA PVC PENCERE+PERVAZ+MATİK+ÇİFT AÇILIM | C90: 160/160 | D90: ='BİNA BİLGİLERİ'!B54 -> 0 | E90: =IF('BİNA BİLGİLERİ'!$C$46="BEYAZ",K90*1.73,K90*1.73*1.4) -> 15555.053 | F90: =E90*D90 -> 0 | I90: 5352 | J90: =I90*D90 -> 0 | K90: =I90*1.2 -> 6422.4 | L90: =E90-E90*$E$223/100 -> 11666.29 | M90: =(L90-K90)/K90 -> 0.8165 | N90: =1.6+1.6+1.6+1.6 -> 6.4 | O90: =N90*D90 -> 0 | P90: =ROUNDUP(O90,0) -> 0
A91: 15 | B91: L KASA PVC PENCERE+PERVAZ+MATİK+ÇİFT AÇILIM | C91: 160/180 | D91: ='BİNA BİLGİLERİ'!B55 -> 3 | E91: =IF('BİNA BİLGİLERİ'!$C$46="BEYAZ",K91*1.73,K91*1.73*1.4) -> 17118.696 | F91: =E91*D91 -> 51356.088 | I91: 5890 | J91: =I91*D91 -> 17670 | K91: =I91*1.2 -> 7068 | L91: =E91-E91*$E$223/100 -> 12839.022 | M91: =(L91-K91)/K91 -> 0.8165 | N91: =1.6+1.8+1.6+1.8 -> 6.8 | O91: =N91*D91 -> 20.4 | P91: =ROUNDUP(O91,0) -> 21
A92: 16 | B92: L KASA PVC PENCERE+PERVAZ+MATİK+SÜRGÜLÜ | C92: 180/200 | D92: ='BİNA BİLGİLERİ'!B56 -> 0 | E92: =IF('BİNA BİLGİLERİ'!$C$46="BEYAZ",K92*1.73,K92*1.73*1.4) -> 21766.03 | F92: =E92*D92 -> 0 | I92: 7489 | J92: =I92*D92 -> 0 | K92: =I92*1.2 -> 8986.8 | L92: =E92-E92*$E$223/100 -> 16324.522 | M92: =(L92-K92)/K92 -> 0.8165 | N92: =1.8+1.8+4 -> 7.6 | O92: =N92*D92 -> 0 | P92: =ROUNDUP(O92,0) -> 0
A93: 17 | B93: L KASA PVC VASİSTAS+PERVAZ+MATİK+SİNEKLİK | C93: 60/60 | D93: ='BİNA BİLGİLERİ'!B57 -> 2 | E93: =IF('BİNA BİLGİLERİ'!$C$46="BEYAZ",K93*1.73,K93*1.73*1.4) -> 3574.872 | F93: =E93*D93 -> 7149.744 | I93: 1230 | J93: =I93*D93 -> 2460 | K93: =I93*1.2 -> 1476 | L93: =E93-E93*$E$223/100 -> 2681.154 | M93: =(L93-K93)/K93 -> 0.8165 | N93: =0.6*4 -> 2.4 | O93: =N93*D93 -> 4.8 | P93: =ROUNDUP(O93,0) -> 5
A94: 18 | B94: PVC PENCERE KOLU | C94: Adet | E94: 0 | F94: =E94*D94 -> 0 | I94: =Y94*X94 -> 0 | J94: =I94*D94 -> 0 | K94: =I94*Y94 -> 0 | L94: =E94-E94*$E$223/100 -> 0 | M94: =(L94-K94)/K94 -> #DIV/0!
D95: TOPLAM | F95: =SUM(F76:F94) -> 165634.91 | I95: =SUM(I76:I94) -> 78925 | J95: =SUM(J76:J94) -> 68104 | K95: =SUM(K76:K94) -> 94710 | L95: =SUM(L76:L94) -> 154222.41
A96: ELEKTRİK TESİSAT GRUBU | D96: 1005
A97: 1 | B97: KARE TAVAN ARMATÜR | C97: ADET | E97: =K97*1.73 -> 386.136 | F97: =E97*D97 -> 0 | I97: 186 | J97: =I97*D97 -> 0 | K97: =I97*1.2 -> 223.2 | L97: =E97-E97*$E$223/100 -> 289.602 | M97: =(L97-K97)/K97 -> 0.2975
A98: 2 | B98: SENSÖRLÜ ARMATÜR | C98: ADET | E98: =K98*1.73 -> 155.7 | F98: =E98*D98 -> 0 | I98: 75 | J98: =I98*D98 -> 0 | K98: =I98*1.2 -> 90 | L98: =E98-E98*$E$223/100 -> 116.775 | M98: =(L98-K98)/K98 -> 0.2975
A99: 3 | B99: YUVARLAK İÇ GLOP | C99: ADET | E99: =K99*1.73 -> 156.07368 | F99: =E99*D99 -> 0 | I99: 75.18 | J99: =I99*D99 -> 0 | K99: =I99*1.2 -> 90.216 | L99: =E99-E99*$E$223/100 -> 117.05526 | M99: =(L99-K99)/K99 -> 0.2975
A100: 4 | B100: OVAL DIŞ GLOP | C100: ADET | E100: =K100*1.73 -> 186.84 | F100: =E100*D100 -> 0 | I100: 90 | J100: =I100*D100 -> 0 | K100: =I100*1.2 -> 108 | L100: =E100-E100*$E$223/100 -> 140.13 | M100: =(L100-K100)/K100 -> 0.2975
...

Sheet İSİMLENDİRME
A1: VAR
A2: YOK
A10: BEYAZ
A11: ANTRASİT
A12: ALTINMEŞE
P17: ='BİNA BİLGİLERİ'!B11 -> 0.3 | Q17: =VLOOKUP(P17,P19:Q26,2,1) -> 1.044 | R17: ='BİNA BİLGİLERİ'!B12+'BİNA BİLGİLERİ'!B36 -> 121.384 | S17: =Q17*R17 -> 126.7249
P19: 0.25 | Q19: 1.0308
P20: 0.3 | Q20: 1.044
P21: 0.35 | Q21: 1.0595
P22: 0.4 | Q22: 1.077
P23: 0.45 | Q23: 1.0966
P24: 0.5 | Q24: 1.118
P25: 0.55 | Q25: 1.1413
P26: 0.6 | Q26: 1.1662
I28: 1
I29: 2
L32: KIRMA
L33: BEŞİK
A34: ALÇIPAN | L34: PARAPET | Z34: 8
A35: BORDEX | L35: TEK EĞİM | Z35: 16
A36: 11 mm OSB 2 | Z36: 12
A37: YALIBASKI SİDİNG FİBERCEMENT | Z37: 7
A38: AĞAÇDESEN FUGALI FİBERCEMENT | Z38: 5
A39: TAŞDESEN FUGALI FİBERCEMENT | G39: NEM BARİYERİ | Z39: 4
A40: AHŞAP DESEN LEVHA | G40: MEBRAN | O40: ZMT'YE AİT | Z40: 5
A41: FİBERCEMENT LEVHA | G41: ARDUAZLI MEBRAN | O41: MÜŞTERİYE AİT | Z41: 15
A42: NEM BARİYERİ | Z42: 1
A43: MEBRAN | Z43: 2
A44: ARDUAZLI MEBRAN | Z44: 1
A45: AŞIK OMEGA | G45: 80 | H45: 2 | Z45: 1
A46: PANEL SİSTEM | G46: 90 | H46: 2 | Z46: 5
G47: 140 | H47: 3 | Z47: 5
G48: 200 | H48: 4 | Z48: 3
G49: 300 | H49: 6 | Z49: 5
Z50: 5
Z51: 1
Z52: 5

Sheet FORMÜL
I9: DIŞ DUVAR M²
C10: TOPLAM M² | D10: ADET | E10: FİRELİ ADET SAYISI %3 | F10: YÜKLENECEK ADET | I10: BAŞ MAKAS M²
B11: FİBERCEMENT YALI BASKI | C11: =J9+J10+2*J11 -> 0 | D11: =C11/0.45 -> 0 | E11: =D11*1.03 -> 0 | F11: =ROUNDUP(E11,0) -> 0 | I11: DİREK SAYI*DİREK M²
B12: KNAUF PLUS(5CM)DIŞ | C12: =J9*2 -> 0 | D12: =C12/14.4 -> 0 | E12: =D12*1.03 -> 0 | F12: =ROUNDUP(E12,0) -> 0 | I12: DUVAR USTU ŞASE M²
B13: KNAUF PLUS (5CM) İÇ | C13: =J13+J15 -> 0 | D13: =C13/14.4 -> 0 | E13: =D13*1.03 -> 0 | F13: =ROUNDUP(E13,0) -> 0 | I13: İÇ DUVAR M²
B14: ALÇIPAN | C14: =2*J9+4*J13+J14+J15+J20 -> 0 | D14: =C14/3 -> 0 | E14: =D14*1.03 -> 0 | F14: =ROUNDUP(E14,0)-F19 -> 0 | I14: TAVAN M²
B15: FİBERCEMENT 8mm | C15: =J9+J10+J11+J12+J21 -> 0 | D15: =C15/10 -> 0 | E15: =D15*1.03 -> 0 | F15: =ROUNDUP(E15,0) -> 0 | I15: ŞASE M²
B16: Knauf Çatı Şiltesi | C16: =J24 -> 0 | D16: =C16/9.6 -> 0 | E16: =D16*1.03 -> 0 | F16: =ROUNDUP(E16,0) -> 0 | I16: ÇATI M² / OSB İÇİN
B17: OSB Dış Duvar + Çatı | C17: =J9+J10+J11+J12+J16 -> 0 | D17: =C17/2.97 -> 0 | E17: =D17*1.03 -> 0 | F17: =ROUNDUP(E17,0) -> 0 | I17: BACA M²
B18: OSB ÇATI SADECE | C18: =J16 -> 0 | D18: =C18/2.97 -> 0 | E18: =D18*1.03 -> 0 | F18: =ROUNDUP(E18,0) -> 0 | I18: YEŞİL ALÇIPAN M²
B19: YEŞİL ALÇIPAN | C19: =(J18) -> 0 | D19: =C19/3 -> 0 | E19: =D19*1.03 -> 0 | F19: =ROUNDUP(E19,0) -> 0 | I19: MERDİVEN
B20: FİBERCEMENT LAMBA ZIVANA | C20: =J9+J10+2*J11+J12 -> 0 | D20: =C20/1.025 -> 0 | E20: =D20*1.07 -> 0 | F20: =ROUNDUP(E20,0) -> 0 | I20: MERDİVEN ALTI
B21: BETOPAN 16mm | C21: =(J15+J19) -> 0 | D21: =C21/3.125 -> 0 | E21: =D21*1.03 -> 0 | F21: =ROUNDUP(E21,0) -> 0 | I21: SAÇAK KAPAMA MT
B22: SAÇAK ALIN UZUNLUK | C22: =(J22) -> 0 | D22: =C22/2.5 -> 0 | E22: =D22*1.01 -> 0 | F22: =ROUNDUP(E22,0) -> 0 | I22: SAÇAK ALIN UZUNLUK
B23: BORDEX ( Plaka ) | C23: =J9+J10+J11+J12 -> 0 | D23: =C23/2.88 -> 0 | E23: =D23*1.03 -> 0 | F23: =ROUNDUP(E23,0) -> 0 | I23: BACA
I24: BİNA M²
